"Operation","Source","Files","Surfaces"
".dsh_92_ops","services","1","unknown"
"api-client-factory","api-clients","2","unknown"
"arrival_bell","services","10","unknown"
"ArrivalBellCaptainBlock","surfaces","1","unknown"
"ArrivalBellCustomerBlock","surfaces","1","unknown"
"auto_captain_earnings_history","surfaces","1","app-captain"
"auto_captain_financial_reports","surfaces","1","app-captain"
"auto_captain_payments","surfaces","1","app-captain"
"auto_captain_settlements","surfaces","1","app-captain"
"auto_captain_wallet","surfaces","1","app-captain"
"auto_dsh_awnak_order_create","surfaces","1","unknown"
"auto_dsh_booking_create","surfaces","1","unknown"
"auto_dsh_captain_chat_read_ack","surfaces","1","app-captain"
"auto_dsh_captain_chat_send","surfaces","1","app-captain"
"auto_dsh_captain_cod_balance","surfaces","1","app-captain"
"auto_dsh_captain_job_reject","surfaces","1","app-captain"
"auto_dsh_captain_order_accept","surfaces","1","app-captain"
"auto_dsh_captain_order_deliver","surfaces","1","app-captain"
"auto_dsh_captain_order_details","surfaces","1","app-captain"
"auto_dsh_captain_order_get","surfaces","1","app-captain"
"auto_dsh_captain_order_pickup","surfaces","1","app-captain"
"auto_dsh_captain_orders_list","surfaces","1","app-captain"
"auto_dsh_captain_orders_offers_list","surfaces","1","app-captain"
"auto_dsh_captain_profile_get","surfaces","1","app-captain"
"auto_dsh_captain_proof_upload","surfaces","1","app-captain"
"auto_dsh_captain_tier_evaluate","surfaces","1","app-captain"
"auto_dsh_captain_tier_info","surfaces","1","app-captain"
"auto_dsh_cart_get","surfaces","1","unknown"
"auto_dsh_cart_init","surfaces","1","unknown"
"auto_dsh_cart_item_add","surfaces","1","unknown"
"auto_dsh_cart_item_remove","surfaces","1","unknown"
"auto_dsh_cart_item_update","surfaces","1","unknown"
"auto_dsh_categories_list","surfaces","1","unknown"
"auto_dsh_category_get","surfaces","1","unknown"
"auto_dsh_chat_read_ack","surfaces","1","unknown"
"auto_dsh_chat_send","surfaces","1","unknown"
"auto_dsh_checkout_gate","surfaces","1","unknown"
"auto_dsh_delivery_attempt_create","surfaces","1","unknown"
"auto_dsh_delivery_attempts_list","surfaces","1","unknown"
"auto_dsh_delivery_close","surfaces","1","unknown"
"auto_dsh_delivery_eta_get","surfaces","1","unknown"
"auto_dsh_delivery_get","surfaces","1","unknown"
"auto_dsh_delivery_reassign","surfaces","1","unknown"
"auto_dsh_delivery_track_get","surfaces","1","unknown"
"auto_dsh_entitlements_get","surfaces","1","unknown"
"auto_dsh_estimate_create","surfaces","1","unknown"
"auto_dsh_estimate_get","surfaces","1","unknown"
"auto_dsh_external_order_create","surfaces","1","unknown"
"auto_dsh_favorite_toggle","surfaces","1","unknown"
"auto_dsh_favorites_list","surfaces","1","unknown"
"auto_dsh_field_store_activation_request","surfaces","1","app-field"
"auto_dsh_field_store_geo_pin","surfaces","1","app-field"
"auto_dsh_field_store_visit_log","surfaces","1","app-field"
"auto_dsh_gas_refill_order_create","surfaces","1","unknown"
"auto_dsh_home_get","surfaces","1","unknown"
"auto_dsh_listing_status_update","surfaces","1","unknown"
"auto_dsh_loyalty_points_redeem","surfaces","1","unknown"
"auto_dsh_loyalty_points_user_balance","surfaces","1","unknown"
"auto_dsh_loyalty_points_user_history","surfaces","1","unknown"
"auto_dsh_order_accept","surfaces","1","unknown"
"auto_dsh_order_cancel","surfaces","1","unknown"
"auto_dsh_order_complete","surfaces","1","unknown"
"auto_dsh_order_create","surfaces","1","unknown"
"auto_dsh_order_escrow_hold","surfaces","1","unknown"
"auto_dsh_order_escrow_release","surfaces","1","unknown"
"auto_dsh_order_get","surfaces","1","unknown"
"auto_dsh_order_issue_flag","surfaces","1","unknown"
"auto_dsh_order_proof_code_generate","surfaces","1","unknown"
"auto_dsh_order_proof_verify","surfaces","1","unknown"
"auto_dsh_order_rate","surfaces","1","unknown"
"auto_dsh_order_receipt_get","surfaces","1","unknown"
"auto_dsh_order_status_get","surfaces","1","unknown"
"auto_dsh_order_status_update","surfaces","1","unknown"
"auto_dsh_orders_list","surfaces","1","unknown"
"auto_dsh_partner_auction_status_update","surfaces","1","app-partner"
"auto_dsh_partner_audience_insights_get","surfaces","1","app-partner"
"auto_dsh_partner_chat_read_ack","surfaces","1","app-partner"
"auto_dsh_partner_chat_send","surfaces","1","app-partner"
"auto_dsh_partner_commission_by_mode_get","surfaces","1","app-partner"
"auto_dsh_partner_delivery_ops_board","surfaces","1","app-partner"
"auto_dsh_partner_delivery_zones_update","surfaces","1","app-partner"
"auto_dsh_partner_doc_upload","surfaces","1","app-partner"
"auto_dsh_partner_hours_update","surfaces","1","app-partner"
"auto_dsh_partner_identity_submit","surfaces","1","app-partner"
"auto_dsh_partner_intake_start","surfaces","1","app-partner"
"auto_dsh_partner_inventory_adjust","surfaces","1","app-partner"
"auto_dsh_partner_inventory_update","surfaces","1","app-partner"
"auto_dsh_partner_items_upsert","surfaces","1","app-partner"
"auto_dsh_partner_listing_status_update","surfaces","1","app-partner"
"auto_dsh_partner_manager_invite","surfaces","1","app-partner"
"auto_dsh_partner_order_accept","surfaces","1","app-partner"
"auto_dsh_partner_order_get","surfaces","1","app-partner"
"auto_dsh_partner_order_handoff","surfaces","1","app-partner"
"auto_dsh_partner_order_issue_queue","surfaces","1","app-partner"
"auto_dsh_partner_order_out_for_delivery","surfaces","1","app-partner"
"auto_dsh_partner_order_prepare","surfaces","1","app-partner"
"auto_dsh_partner_order_ready","surfaces","1","app-partner"
"auto_dsh_partner_order_reject","surfaces","1","app-partner"
"auto_dsh_partner_order_store_delivered","surfaces","1","app-partner"
"auto_dsh_partner_orders_list","surfaces","1","app-partner"
"auto_dsh_partner_profile_get","surfaces","1","app-partner"
"auto_dsh_partner_quick_reply_config_get","surfaces","1","app-partner"
"auto_dsh_partner_quick_reply_settings","surfaces","1","app-partner"
"auto_dsh_partner_quick_reply_setup","surfaces","1","app-partner"
"auto_dsh_partner_staff_analytics_get","surfaces","1","app-partner"
"auto_dsh_partner_store_get","surfaces","1","app-partner"
"auto_dsh_partner_store_nomination","surfaces","1","app-partner"
"auto_dsh_partner_store_service_modes_update","surfaces","1","app-partner"
"auto_dsh_partner_store_status_update","surfaces","1","app-partner"
"auto_dsh_partner_store_update","surfaces","1","app-partner"
"auto_dsh_partner_subscription","surfaces","1","app-partner"
"auto_dsh_partner_zone_set","surfaces","1","app-partner"
"auto_dsh_pricing_preview","surfaces","1","unknown"
"auto_dsh_pricing_snapshot_get","surfaces","1","unknown"
"auto_dsh_promo_apply","surfaces","1","unknown"
"auto_dsh_proxy_request_approve","surfaces","1","unknown"
"auto_dsh_proxy_request_review","surfaces","1","unknown"
"auto_dsh_proxy_request_tracking","surfaces","1","unknown"
"auto_dsh_review_create","surfaces","1","unknown"
"auto_dsh_reviews_list","surfaces","1","unknown"
"auto_dsh_search","surfaces","1","unknown"
"auto_dsh_service_modes_resolve","surfaces","1","unknown"
"auto_dsh_shein_info","surfaces","1","unknown"
"auto_dsh_store_get","surfaces","1","unknown"
"auto_dsh_store_items_list","surfaces","1","unknown"
"auto_dsh_stores_list","surfaces","1","unknown"
"auto_dsh_subscription_family_get","surfaces","1","unknown"
"auto_dsh_subscription_family_members_get","surfaces","1","unknown"
"auto_dsh_subscription_family_members_post","surfaces","1","unknown"
"auto_dsh_subscription_pro_catalog","surfaces","1","unknown"
"auto_dsh_subscription_sync","surfaces","1","unknown"
"auto_dsh_subscription_tier_get","surfaces","1","unknown"
"auto_dsh_subscription_upgrade_post","surfaces","1","unknown"
"auto_dsh_zone_set","surfaces","1","unknown"
"banner-carousel.runtime","surfaces","1","unknown"
"browserslist","services","3","unknown"
"captainEarningsHistory","surfaces","1","unknown"
"captainFinancialReports","surfaces","1","unknown"
"captainOrderDetails","surfaces","1","unknown"
"captainOrders","surfaces","1","unknown"
"captainPayments","surfaces","1","unknown"
"captainSettlements","surfaces","1","unknown"
"captainTierInfo","surfaces","1","unknown"
"captainWallet","surfaces","1","unknown"
"CategoryClockDial","surfaces","1","unknown"
"categoryGet","surfaces","1","unknown"
"chatSend","surfaces","1","unknown"
"checkoutConstants","surfaces","1","unknown"
"checkoutGate","surfaces","1","unknown"
"clients","api-clients","1","unknown"
"clients.d","api-clients","1","unknown"
"deliveryModes","surfaces","1","unknown"
"DSH_APP_CLIENT_BACKLOG","services","1","unknown"
"dsh_auction_status_update","services","10","unknown"
"dsh_booking_create","services","10","unknown"
"dsh_captain_chat_read_ack","services","10","unknown"
"dsh_captain_chat_send","services","10","unknown"
"dsh_captain_cod_balance","services","10","unknown"
"dsh_captain_job_reject","services","10","unknown"
"dsh_captain_proof_upload","services","10","unknown"
"dsh_captain_tier_evaluate","services","10","unknown"
"dsh_captain_tier_info","services","10","unknown"
"dsh_cart_get","services","10","unknown"
"dsh_cart_init","services","10","unknown"
"dsh_cart_item_add","services","10","unknown"
"dsh_cart_item_remove","services","10","unknown"
"dsh_cart_item_update","services","10","unknown"
"dsh_chat_read_ack","services","10","unknown"
"dsh_chat_send","services","10","unknown"
"dsh_checkout_gate","services","10","unknown"
"DSH_COVERAGE_MATRIX","services","2","unknown"
"dsh_delivery_attempt_create","services","10","unknown"
"dsh_delivery_eta_get","services","10","unknown"
"dsh_delivery_position_update","services","10","unknown"
"dsh_delivery_reassign_request","services","10","unknown"
"dsh_delivery_track_get","services","10","unknown"
"dsh_entitlements_get","services","10","unknown"
"dsh_estimate_create","services","10","unknown"
"dsh_estimate_get","services","10","unknown"
"dsh_external_order_create","services","10","unknown"
"dsh_field_store_activation_request","services","10","unknown"
"dsh_field_store_geo_pin","services","10","unknown"
"dsh_field_store_visit_log","services","10","unknown"
"dsh_listing_status_update","services","10","unknown"
"dsh_loyalty_points_redeem","services","10","unknown"
"dsh_loyalty_points_user_balance","services","10","unknown"
"dsh_loyalty_points_user_history","services","10","unknown"
"DSH_MCPW_SECTION_MAP","services","2","unknown"
"DSH_OPERATION_CATALOG","services","2","unknown"
"dsh_order_accept","services","10","unknown"
"dsh_order_complete","services","10","unknown"
"dsh_order_create","services","10","unknown"
"dsh_order_escrow_hold","services","10","unknown"
"dsh_order_escrow_release","services","10","unknown"
"dsh_order_issue_flag","services","10","unknown"
"dsh_order_proof_code_generate","services","10","unknown"
"dsh_order_proof_verify","services","10","unknown"
"dsh_order_rate","services","10","unknown"
"dsh_order_receipt_get","services","10","unknown"
"dsh_order_status_update","services","10","unknown"
"dsh_orders_list","services","10","unknown"
"dsh_partner_chat_read_ack","services","10","unknown"
"dsh_partner_chat_send","services","10","unknown"
"dsh_partner_delivery_zones_update","services","10","unknown"
"dsh_partner_doc_upload","services","10","unknown"
"dsh_partner_hours_update","services","10","unknown"
"dsh_partner_identity_submit","services","10","unknown"
"dsh_partner_intake_start","services","10","unknown"
"dsh_partner_inventory_adjust","services","10","unknown"
"dsh_partner_inventory_update","services","10","unknown"
"dsh_partner_items_upsert","services","10","unknown"
"dsh_partner_manager_invite","services","10","unknown"
"dsh_partner_order_handoff","services","10","unknown"
"dsh_partner_quick_reply_config_get","services","10","unknown"
"dsh_partner_quick_reply_post","services","10","unknown"
"dsh_partner_quick_reply_setup","services","10","unknown"
"dsh_partner_quick_reply_webhook_post","services","10","unknown"
"dsh_partner_store_create","services","10","unknown"
"dsh_partner_store_get","services","10","unknown"
"dsh_partner_store_service_modes_update","services","10","unknown"
"dsh_partner_store_status_update","services","10","unknown"
"dsh_partner_store_update","services","10","unknown"
"dsh_partner_subscription_analytics_get","services","10","unknown"
"dsh_partner_subscription_get","services","10","unknown"
"dsh_partner_subscription_upgrade_post","services","10","unknown"
"dsh_pricing_preview","services","10","unknown"
"dsh_pricing_snapshot_get","services","10","unknown"
"dsh_promo_apply","services","10","unknown"
"dsh_proxy_request_approve","services","10","unknown"
"dsh_proxy_request_create","services","10","unknown"
"dsh_proxy_request_estimate","services","10","unknown"
"dsh_proxy_request_offer","services","10","unknown"
"dsh_proxy_request_reject","services","10","unknown"
"dsh_proxy_request_schedule","services","10","unknown"
"DSH_RBAC_MATRIX","services","2","unknown"
"dsh_review_create","services","10","unknown"
"DSH_RUNTIME_VARS","services","2","unknown"
"DSH_SEAL_STATUS","services","1","unknown"
"dsh_service_modes_resolve","services","10","unknown"
"DSH_SERVICE_SCOPE","services","2","unknown"
"DSH_SERVICE_SEAL_STATUS","services","1","unknown"
"dsh_store_commission_set","services","10","unknown"
"dsh_store_fulfillment_profile_update","services","10","unknown"
"dsh_store_modes_set","services","10","unknown"
"dsh_store_products","services","10","unknown"
"dsh_store_service_modes_get","services","10","unknown"
"dsh_store_zones_set","services","10","unknown"
"dsh_subscription_bundles_list","services","2","unknown"
"dsh_subscription_categories_get","services","2","unknown"
"dsh_subscription_family_get","services","10","unknown"
"dsh_subscription_family_members_get","services","10","unknown"
"dsh_subscription_family_members_post","services","10","unknown"
"dsh_subscription_sync","services","10","unknown"
"dsh_subscription_tier_get","services","10","unknown"
"dsh_subscription_upgrade_post","services","10","unknown"
"DSH_SURFACES_PARITY_BACKLOG","services","1","unknown"
"DSH_TRACEABILITY","services","1","unknown"
"DSH_TRACEABILITY_MATRIX","services","1","unknown"
"DSH_UNIFIED_OPERATIONS_REFERENCE","services","1","unknown"
"DSH_UX_FLOW","services","1","unknown"
"dsh_zone_set","services","10","unknown"
"dsh-api","api-clients","2","unknown"
"dsh-api.d","api-clients","1","unknown"
"dsh-api.d.ts","api-clients","1","unknown"
"dsh-api.js","api-clients","1","unknown"
"dsh-captain-api","api-clients","2","unknown"
"dsh-captain-api.d","api-clients","1","unknown"
"dsh-captain-api.d.ts","api-clients","1","unknown"
"dsh-captain-api.js","api-clients","1","unknown"
"dsh-cart-api","api-clients","2","unknown"
"dsh-cart-api.d","api-clients","1","unknown"
"dsh-cart-api.d.ts","api-clients","1","unknown"
"dsh-cart-api.js","api-clients","1","unknown"
"dsh-field-partner-api","api-clients","2","unknown"
"dsh-field-partner-api.d","api-clients","1","unknown"
"dsh-field-partner-api.d.ts","api-clients","1","unknown"
"dsh-field-partner-api.js","api-clients","1","unknown"
"dsh-gas-refill-api","api-clients","2","unknown"
"dsh-gas-refill-api.d","api-clients","1","unknown"
"dsh-gas-refill-api.d.ts","api-clients","1","unknown"
"dsh-gas-refill-api.js","api-clients","1","unknown"
"dsh-operations-api","api-clients","2","unknown"
"dsh-operations-api.d","api-clients","1","unknown"
"dsh-operations-api.d.ts","api-clients","1","unknown"
"dsh-operations-api.js","api-clients","1","unknown"
"dsh-orders-api","api-clients","2","unknown"
"dsh-orders-api.d","api-clients","1","unknown"
"dsh-orders-api.d.ts","api-clients","1","unknown"
"dsh-orders-api.js","api-clients","1","unknown"
"dsh-shein.service","services","1","unknown"
"dsh-stores-api","api-clients","2","unknown"
"dsh-stores-api.d","api-clients","1","unknown"
"dsh-stores-api.d.ts","api-clients","1","unknown"
"dsh-stores-api.js","api-clients","1","unknown"
"dsh-thunks","api-clients","1","unknown"
"dsh.controller","services","1","unknown"
"dsh.module","services","1","unknown"
"dsh.service.test","services","1","unknown"
"DshBannersList","surfaces","1","unknown"
"DshCartPrice","surfaces","1","unknown"
"DshCategoriesList","surfaces","1","unknown"
"dshCategoriesSeed","surfaces","1","unknown"
"DshCategoryDetail","surfaces","1","unknown"
"DshCheckoutPaymentMethodSelect","surfaces","1","unknown"
"DshCustomerPreferencesDetail","surfaces","1","unknown"
"DshCustomerProfileDetail","surfaces","1","unknown"
"DshCustomerProfileUpdate","surfaces","1","unknown"
"dshHomeApi","surfaces","1","unknown"
"dshHomeRepository","surfaces","1","unknown"
"dshHomeSeed","surfaces","1","unknown"
"dshHomeTypes","surfaces","1","unknown"
"DshOrdersCreateScreen","surfaces","1","unknown"
"DshPartnerOrderAcceptAltScreen","surfaces","1","unknown"
"DshPartnerOrderChatMessageCreateScreen","surfaces","1","unknown"
"DshPartnerOrderChatMessagesListScreen","surfaces","1","unknown"
"DshPartnerOrderChatReadAckScreen","surfaces","1","unknown"
"DshPartnerOrdersList","surfaces","1","unknown"
"DshStoreItemsList","surfaces","1","unknown"
"expo-location.d","surfaces","1","unknown"
"favoritesList","surfaces","1","unknown"
"gasRefill","surfaces","1","unknown"
"getDshCategoryIconUrl","surfaces","1","unknown"
"home","surfaces","1","unknown"
"index","api-clients","2","unknown"
"index","services","2","unknown"
"index","surfaces","7","app-captain; app-field; app-partner; unknown"
"index.d","api-clients","1","unknown"
"index.web","api-clients","2","unknown"
"index.web.d","api-clients","1","unknown"
"jest","services","3","unknown"
"jest.config","services","1","unknown"
"loadExpoLocation","surfaces","1","unknown"
"Master_OpenAPI","master","1","unknown"
"orderCancel","surfaces","1","unknown"
"orderGet","surfaces","1","unknown"
"package","api-clients","1","unknown"
"package","services","1","unknown"
"partnerStaff","surfaces","1","unknown"
"partnerStoreSwitcherFixtures","surfaces","1","unknown"
"partnerZoneSet","surfaces","1","unknown"
"pattern_unification.test","surfaces","1","unknown"
"project","services","1","unknown"
"README","surfaces","2","unknown"
"reviewsList","surfaces","1","unknown"
"scaffold-92-ops","services","1","unknown"
"search","surfaces","1","unknown"
"setup","services","1","unknown"
"shein-proxy-request.entity","services","1","unknown"
"StoreCardPremium","surfaces","1","unknown"
"storeGet","surfaces","1","unknown"
"subscriptionSync","surfaces","1","unknown"
"ts-jest","services","3","unknown"
"tsc","services","3","unknown"
"tsconfig","api-clients","1","unknown"
"tsconfig","services","1","unknown"
"tsconfig.spec","services","1","unknown"
"tsserver","services","3","unknown"
"typed-client","api-clients","2","unknown"
"typed-client.d","api-clients","1","unknown"
"typeorm","services","3","unknown"
"typeorm-ts-node-commonjs","services","3","unknown"
"typeorm-ts-node-esm","services","3","unknown"
"types","surfaces","1","unknown"
"UltimateBannerCarousel","surfaces","1","unknown"
"useCaptainEarningsHistory","surfaces","1","unknown"
"useCaptainFinancialReports","surfaces","1","unknown"
"useCaptainOrderDetails","surfaces","1","unknown"
"useCaptainOrders","surfaces","1","unknown"
"useCaptainPayments","surfaces","1","unknown"
"useCaptainSettlements","surfaces","1","unknown"
"useCaptainTierInfo","surfaces","1","unknown"
"useCaptainWallet","surfaces","1","unknown"
"useDshCaptainDeliveryPositionPing","surfaces","1","app-captain"
"useDshCategoryGet","surfaces","1","unknown"
"useDshChatSend","surfaces","1","unknown"
"useDshCheckoutGate","surfaces","1","unknown"
"useDshFavoritesList","surfaces","1","unknown"
"useDshGasRefill","surfaces","1","unknown"
"useDshHome","surfaces","1","unknown"
"useDshOrderCancel","surfaces","1","unknown"
"useDshOrderGet","surfaces","1","unknown"
"useDshPartnerZoneSet","surfaces","1","unknown"
"useDshReviewsList","surfaces","1","unknown"
"useDshSearch","surfaces","1","unknown"
"useDshStoreGet","surfaces","1","unknown"
"useDshSubscriptionSync","surfaces","1","unknown"
"useDshZoneSet","surfaces","1","unknown"
"WHAT_TO_ADD","surfaces","1","unknown"
"wrappers","surfaces","1","unknown"
"zoneSet","surfaces","1","unknown"

