surface,path,main_entry_files,main_screens,route_navigation_owner,shared_contracts_data_used,ui_kit_dependency_style,status,evidence_paths,notes
app-client,dsh/frontend/app-client,dsh/frontend/app-client/DshClientSurface.tsx | dsh/frontend/app-client/dsh-client.routes.ts | dsh/frontend/app-client/dsh-client.screen-registry.ts | dsh/frontend/app-client/index.ts | dsh/frontend/app-client/sheets/index.ts,dsh/frontend/app-client/DshClientSurface.tsx | dsh/frontend/app-client/dsh-client.screen-registry.ts | dsh/frontend/app-client/parts/AwnakOrderCreateScreen.tsx | dsh/frontend/app-client/parts/LoyaltyRewardsScreen.tsx | dsh/frontend/app-client/parts/OperationScreen.tsx | dsh/frontend/app-client/parts/SheinOrderCreateScreen.tsx | dsh/frontend/app-client/parts/SubscriptionsScreen.tsx | dsh/frontend/app-client/screens/AddressLocationScreen.tsx | dsh/frontend/app-client/screens/BellScreen.tsx | dsh/frontend/app-client/screens/BenefitsScreen.tsx | dsh/frontend/app-client/screens/CartScreen.tsx | dsh/frontend/app-client/screens/DshCheckoutIntentScreen.tsx | dsh/frontend/app-client/screens/DshRatingScreen.tsx | dsh/frontend/app-client/screens/EntryScreen.tsx | dsh/frontend/app-client/screens/HomeScreen.tsx | dsh/frontend/app-client/screens/MySpaceScreen.tsx | dsh/frontend/app-client/screens/MySpaceSubScreens.tsx | dsh/frontend/app-client/screens/NotificationsScreen.tsx | dsh/frontend/app-client/screens/OperationScreens.tsx | dsh/frontend/app-client/screens/OrdersTrackingScreens.tsx | ...,dsh/frontend/app-client/DshClientSurface.tsx | dsh/frontend/app-client/dsh-client.routes.ts | dsh/frontend/app-client/dsh-client.screen-registry.ts,dsh/frontend/app-client/contracts/dsh-client-binding.contracts.ts | dsh/frontend/app-client/data/categories.preview-data.ts | dsh/frontend/app-client/data/client-state.preview-data.ts | dsh/frontend/app-client/data/discovery.preview-data.ts | dsh/frontend/app-client/data/home.preview-data.ts | dsh/frontend/app-client/data/items.preview-data.ts | dsh/frontend/app-client/data/loyalty-commercial.preview-data.ts | dsh/frontend/app-client/data/notifications.preview-data.ts | dsh/frontend/app-client/data/store.preview-data.ts | dsh/frontend/app-client/data/subscriptions-commercial.preview-data.ts | dsh/frontend/app-client/data/surface-catalog.preview-data.ts | dsh/frontend/app-client/data/surface-meta.preview-data.ts | dsh/frontend/app-client/dsh-client.screen-registry.ts | dsh/frontend/app-client/dsh-client.types.ts,@bthwani/ui-kit files=27; direct_tamagui=0; hardcoded_color_hits=49,WEAK,dsh/frontend/app-client/DshClientSurface.tsx | dsh/frontend/app-client/contracts/dsh-client-binding.contracts.ts | dsh/frontend/app-client/data/categories.preview-data.ts | dsh/frontend/app-client/data/client-state.preview-data.ts | dsh/frontend/app-client/data/discovery.preview-data.ts | dsh/frontend/app-client/data/home.preview-data.ts | ...,37 files with placeholder/preview/legacy/TBD tokens; 49 hardcoded color patterns
app-partner,dsh/frontend/app-partner,dsh/frontend/app-partner/DshPartnerSurface.tsx | dsh/frontend/app-partner/dsh-partner.routes.ts | dsh/frontend/app-partner/dsh-partner.screen-registry.ts | dsh/frontend/app-partner/index.ts | dsh/frontend/app-partner/sheets/index.ts,dsh/frontend/app-partner/DshPartnerSurface.tsx | dsh/frontend/app-partner/dsh-partner.screen-registry.ts | dsh/frontend/app-partner/screens/DshPartnerOrderRejectionScreen.tsx | dsh/frontend/app-partner/screens/DshPartnerStoreCourierScreen.tsx | dsh/frontend/app-partner/screens/InventoryCatalogScreen.tsx | dsh/frontend/app-partner/screens/OperationScreens.tsx | dsh/frontend/app-partner/screens/OrdersInboxScreen.tsx | dsh/frontend/app-partner/screens/PartnerEntryScreen.tsx | dsh/frontend/app-partner/screens/PartnerHubScreen.tsx | dsh/frontend/app-partner/screens/PartnerSupportScreen.tsx | dsh/frontend/app-partner/screens/PromotionsScreen.tsx | dsh/frontend/app-partner/screens/StoreProfileScreen.tsx,dsh/frontend/app-partner/DshPartnerSurface.tsx | dsh/frontend/app-partner/dsh-partner.routes.ts | dsh/frontend/app-partner/dsh-partner.screen-registry.ts,dsh/frontend/app-partner/contracts/dsh-partner-binding.contracts.ts | dsh/frontend/app-partner/data/partner-order-alert.preview-data.ts | dsh/frontend/app-partner/data/partner-order-conversation.preview-data.ts | dsh/frontend/app-partner/dsh-partner.screen-registry.ts | dsh/frontend/app-partner/dsh-partner.types.ts,@bthwani/ui-kit files=19; direct_tamagui=0; hardcoded_color_hits=7,WEAK,dsh/frontend/app-partner/DshPartnerSurface.tsx | dsh/frontend/app-partner/contracts/dsh-partner-binding.contracts.ts | dsh/frontend/app-partner/data/partner-order-alert.preview-data.ts | dsh/frontend/app-partner/data/partner-order-conversation.preview-data.ts | dsh/frontend/app-partner/dsh-partner.routes.ts | dsh/frontend/app-partner/dsh-partner.screen-registry.ts | ...,21 files with placeholder/preview/legacy/TBD tokens; 7 hardcoded color patterns
app-captain,dsh/frontend/app-captain,dsh/frontend/app-captain/DshCaptainSurface.tsx | dsh/frontend/app-captain/dsh-captain.routes.ts | dsh/frontend/app-captain/dsh-captain.screen-registry.ts | dsh/frontend/app-captain/index.ts | dsh/frontend/app-captain/sheets/index.ts,dsh/frontend/app-captain/DshCaptainSurface.tsx | dsh/frontend/app-captain/dsh-captain.screen-registry.ts | dsh/frontend/app-captain/screens/DshCaptainEntryScreen.tsx | dsh/frontend/app-captain/screens/DshCaptainFinanceScreen.tsx | dsh/frontend/app-captain/screens/DshCaptainMapScreen.tsx | dsh/frontend/app-captain/screens/DshCaptainOperationsScreen.tsx | dsh/frontend/app-captain/screens/DshCaptainOrdersScreen.tsx | dsh/frontend/app-captain/screens/DshCaptainPickupDropoffScreen.tsx | dsh/frontend/app-captain/screens/DshCaptainPoDSubmissionScreen.tsx | dsh/frontend/app-captain/screens/DshCaptainProfileScreen.tsx,dsh/frontend/app-captain/DshCaptainSurface.tsx | dsh/frontend/app-captain/dsh-captain.routes.ts | dsh/frontend/app-captain/dsh-captain.screen-registry.ts,dsh/frontend/app-captain/contracts/dshCaptainBinding.contracts.ts | dsh/frontend/app-captain/data/captain-finance.preview-data.ts | dsh/frontend/app-captain/data/captain-orders.preview-data.ts | dsh/frontend/app-captain/data/captain-profile.preview-data.ts | dsh/frontend/app-captain/data/captain-state.preview-data.ts | dsh/frontend/app-captain/data/fixture-locations.ts | dsh/frontend/app-captain/dsh-captain.screen-registry.ts | dsh/frontend/app-captain/dsh-captain.types.ts,@bthwani/ui-kit files=9; direct_tamagui=0; hardcoded_color_hits=1,WEAK,dsh/frontend/app-captain/DshCaptainSurface.tsx | dsh/frontend/app-captain/contracts/dshCaptainBinding.contracts.ts | dsh/frontend/app-captain/data/captain-finance.preview-data.ts | dsh/frontend/app-captain/data/captain-orders.preview-data.ts | dsh/frontend/app-captain/data/captain-profile.preview-data.ts | dsh/frontend/app-captain/data/captain-state.preview-data.ts | ...,13 files with placeholder/preview/legacy/TBD tokens; 1 hardcoded color patterns
app-field,dsh/frontend/app-field,dsh/frontend/app-field/DshFieldSurface.tsx | dsh/frontend/app-field/dsh-field.routes.ts | dsh/frontend/app-field/dsh-field.screen-registry.ts | dsh/frontend/app-field/index.ts | dsh/frontend/app-field/sections/index.ts,dsh/frontend/app-field/DshFieldSurface.tsx | dsh/frontend/app-field/dsh-field.screen-registry.ts | dsh/frontend/app-field/screens/DshFieldFinanceScreen.tsx | dsh/frontend/app-field/screens/DshFieldProfileHomeScreen.tsx | dsh/frontend/app-field/screens/DshFieldProfileScreen.tsx | dsh/frontend/app-field/screens/DshFieldReadinessEscalationScreen.tsx | dsh/frontend/app-field/screens/DshFieldStoreOnboardingScreen.tsx | dsh/frontend/app-field/screens/DshFieldStoreVisitScreen.tsx | dsh/frontend/app-field/screens/DshFieldStoresHistoryScreen.tsx | dsh/frontend/app-field/screens/DshFieldStoresScreen.tsx,dsh/frontend/app-field/DshFieldSurface.tsx | dsh/frontend/app-field/dsh-field.routes.ts | dsh/frontend/app-field/dsh-field.screen-registry.ts,dsh/frontend/app-field/contracts/dsh-field-binding.contracts.ts | dsh/frontend/app-field/data/field-finance.preview-data.ts | dsh/frontend/app-field/data/field-onboarding.storage.ts | dsh/frontend/app-field/data/field-state.preview-data.ts | dsh/frontend/app-field/data/field-stores.preview-data.ts | dsh/frontend/app-field/data/field-visit.preview-data.ts | dsh/frontend/app-field/dsh-field.screen-registry.ts | dsh/frontend/app-field/dsh-field.types.ts | dsh/frontend/app-field/types/DshFieldStoreVisitTypes.ts,@bthwani/ui-kit files=12; direct_tamagui=0; hardcoded_color_hits=0,WEAK,dsh/frontend/app-field/DshFieldSurface.tsx | dsh/frontend/app-field/contracts/dsh-field-binding.contracts.ts | dsh/frontend/app-field/data/field-finance.preview-data.ts | dsh/frontend/app-field/data/field-onboarding.storage.ts | dsh/frontend/app-field/data/field-state.preview-data.ts | dsh/frontend/app-field/data/field-stores.preview-data.ts | ...,17 files with placeholder/preview/legacy/TBD tokens
control-panel,dsh/frontend/control-panel | control-panel/runtime/app | control-panel/runtime/components,control-panel/runtime/app/administration/page.tsx | control-panel/runtime/app/catalogs/page.tsx | control-panel/runtime/app/community-services/page.tsx | control-panel/runtime/app/dashboard/page.tsx | control-panel/runtime/app/finance/page.tsx | control-panel/runtime/app/hr/page.tsx | control-panel/runtime/app/marketing/page.tsx | control-panel/runtime/app/operations/page.tsx | control-panel/runtime/app/page.tsx | control-panel/runtime/app/partners/page.tsx | control-panel/runtime/app/platform/page.tsx | control-panel/runtime/app/support/page.tsx | ...,control-panel/runtime/app/administration/page.tsx | control-panel/runtime/app/catalogs/page.tsx | control-panel/runtime/app/community-services/page.tsx | control-panel/runtime/app/dashboard/page.tsx | control-panel/runtime/app/finance/page.tsx | control-panel/runtime/app/hr/page.tsx | control-panel/runtime/app/marketing/page.tsx | control-panel/runtime/app/operations/page.tsx | control-panel/runtime/app/page.tsx | control-panel/runtime/app/partners/page.tsx | control-panel/runtime/app/platform/page.tsx | control-panel/runtime/app/support/page.tsx | dsh/frontend/control-panel/administration/ControlPanelDshAdministrationScreen.tsx | dsh/frontend/control-panel/catalogs/ControlPanelDshCatalogCategoriesScreen.tsx | dsh/frontend/control-panel/catalogs/ControlPanelDshCatalogScreen.tsx | dsh/frontend/control-panel/dashboard/ControlPanelDshClosureDashboardScreen.tsx | dsh/frontend/control-panel/finance/FinanceHubScreen.tsx | dsh/frontend/control-panel/marketing/BannersCommandDeckScreen.tsx | dsh/frontend/control-panel/marketing/CampaignsCommandDeckScreen.tsx | dsh/frontend/control-panel/marketing/ControlPanelDshMarketingScreen.tsx | ...,control-panel/runtime/app/administration/page.tsx | control-panel/runtime/app/catalogs/page.tsx | control-panel/runtime/app/community-services/page.tsx | control-panel/runtime/app/dashboard/page.tsx | control-panel/runtime/app/finance/page.tsx | control-panel/runtime/app/hr/page.tsx | control-panel/runtime/app/marketing/page.tsx | control-panel/runtime/app/operations/page.tsx,dsh/frontend/control-panel/administration/administration.types.ts | dsh/frontend/control-panel/finance/finance.registry.ts | dsh/frontend/control-panel/finance/finance.types.ts | dsh/frontend/control-panel/marketing/commercial-parity-preview.tsx | dsh/frontend/control-panel/marketing/loyaltyCommerceData.ts | dsh/frontend/control-panel/operations/geo-heatmap.preview-data.ts | dsh/frontend/control-panel/operations/operations.preview-data.ts | dsh/frontend/control-panel/operations/operations.registry.ts | dsh/frontend/control-panel/operations/operations.types.ts | dsh/frontend/control-panel/partners/workflow.ts | dsh/frontend/control-panel/platform/Appearance/appearance.preview.ts | dsh/frontend/control-panel/platform/Appearance/appearance.types.ts | dsh/frontend/control-panel/platform/Providers/providers.preview.ts | dsh/frontend/control-panel/platform/Providers/providers.types.ts | dsh/frontend/control-panel/platform/Services/services.preview.ts | dsh/frontend/control-panel/platform/Services/services.types.ts | dsh/frontend/control-panel/platform/Vars/vars.preview.ts | dsh/frontend/control-panel/platform/Vars/vars.types.ts | dsh/frontend/control-panel/shared/journeyFixtures.ts | dsh/frontend/control-panel/shared/recommendation.preview-data.ts,@bthwani/ui-kit files=65; direct_tamagui=0; hardcoded_color_hits=4,WEAK,control-panel/runtime/app/administration/page.tsx | control-panel/runtime/app/catalogs/page.tsx | control-panel/runtime/app/community-services/page.tsx | control-panel/runtime/app/dashboard/page.tsx | control-panel/runtime/app/finance/page.tsx | control-panel/runtime/app/hr/page.tsx | ...,82 files with placeholder/preview/legacy/TBD tokens; 4 hardcoded color patterns
shared,dsh/frontend/shared,dsh/frontend/shared/index.ts,,,dsh/frontend/shared/banner.preview-store.ts | dsh/frontend/shared/campaign.preview-store.ts | dsh/frontend/shared/catalog-adoption.preview-store.ts | dsh/frontend/shared/commercial.preview-contract.ts | dsh/frontend/shared/dshFinancePreviewModel.ts | dsh/frontend/shared/growth.preview-store.ts | dsh/frontend/shared/loyalty.preview-store.ts | dsh/frontend/shared/marketing-review.preview-store.ts | dsh/frontend/shared/news-ticker-fixtures.ts | dsh/frontend/shared/news-ticker.preview-store.ts | dsh/frontend/shared/operations-support.preview.ts | dsh/frontend/shared/partner-offer.preview-store.ts | dsh/frontend/shared/promo.preview-store.ts | dsh/frontend/shared/video.preview-store.ts | dsh/frontend/shared/workflow.ts,@bthwani/ui-kit files=4; direct_tamagui=0; hardcoded_color_hits=24,TBD,dsh/frontend/shared/banner.preview-store.ts | dsh/frontend/shared/campaign.preview-store.ts | dsh/frontend/shared/catalog-adoption.preview-store.ts | dsh/frontend/shared/catalog.ts | dsh/frontend/shared/commercial.preview-contract.ts | dsh/frontend/shared/dsh-order-journey.model.ts | ...,21 files with placeholder/preview/legacy/TBD tokens; 24 hardcoded color patterns; no screens detected
dsh-docs,dsh/docs,dsh/docs/closure/DSH_ROUTE_STATE_CTA_MATRIX.csv | dsh/docs/closure/DSH_V7_REGISTERED_ROUTE_WIRING_MATRIX.csv,,,dsh/docs/archive/DSH_PHASE_3R_PREVIEW_SCENARIOS.md,@bthwani/ui-kit files=0; direct_tamagui=1; hardcoded_color_hits=8,BROKEN,dsh/docs/BTHWANI_DSH_CLIENT_WLT_FINAL_CLOSURE_ROADMAP_V3.md | dsh/docs/CLOSURE_DECISION_LOG.md | dsh/docs/DSH_CONTROL_PANEL_SHARED_OWNER_DECISION.md | dsh/docs/DSH_VISUAL_REVIEW/DSH_VISUAL_REVIEW_FAILURES.md | dsh/docs/DSH_VISUAL_REVIEW/DSH_VISUAL_REVIEW_LEDGER.csv | dsh/docs/DSH_VISUAL_REVIEW/DSH_VISUAL_REVIEW_SCREEN_INDEX.md | ...,89 files with placeholder/preview/legacy/TBD tokens; 1 direct Tamagui imports outside UI-kit; 8 hardcoded color patterns
wlt-finance,wlt/frontend,wlt/frontend/app-captain/dsh/index.ts | wlt/frontend/app-client/dsh/index.ts | wlt/frontend/app-client/home/screens/index.ts | wlt/frontend/app-client/index.ts | wlt/frontend/app-client/screens/index.ts | wlt/frontend/app-client/wlt-app-client-flow/index.ts | wlt/frontend/app-field/dsh/index.ts | wlt/frontend/app-partner/dsh/index.ts | wlt/frontend/app-partner/index.ts | wlt/frontend/control-panel/finance/index.ts | wlt/frontend/control-panel/finance/wlt-control-panel-finance-flow/index.ts | wlt/frontend/control-panel/index.ts | ...,wlt/frontend/app-client/home/screens/WltHomeGetScreen.tsx | wlt/frontend/app-client/home/screens/WltTopupScreen.tsx | wlt/frontend/app-client/home/screens/index.ts | wlt/frontend/app-client/screens/index.ts,,wlt/frontend/app-captain/dsh/WltDshCaptainFinancePreview.tsx | wlt/frontend/app-captain/dsh/useWltDshCaptainFinancePreview.ts | wlt/frontend/app-captain/dsh/wlt-dsh-captain.preview-data.ts | wlt/frontend/app-captain/dsh/wlt-dsh-captain.types.ts | wlt/frontend/app-client/dsh/WltDshClientPaymentPreview.tsx | wlt/frontend/app-client/dsh/useWltDshWalletPreview.ts | wlt/frontend/app-client/dsh/wlt-dsh-client.preview-data.ts | wlt/frontend/app-client/dsh/wlt-dsh-client.types.ts | wlt/frontend/app-field/dsh/WltDshFieldFinancePreview.tsx | wlt/frontend/app-field/dsh/useWltDshFieldFinancePreview.ts | wlt/frontend/app-field/dsh/wlt-dsh-field.preview-data.ts | wlt/frontend/app-field/dsh/wlt-dsh-field.types.ts | wlt/frontend/app-partner/dsh/useWltDshPartnerWalletPreview.ts | wlt/frontend/app-partner/dsh/wlt-dsh-partner.preview-data.ts | wlt/frontend/app-partner/dsh/wlt-dsh-partner.types.ts | wlt/frontend/control-panel/finance/WltDshFinanceControlPanelPreview.tsx | wlt/frontend/shared/finance/dshFinancePreview.ts,@bthwani/ui-kit files=10; direct_tamagui=0; hardcoded_color_hits=1,WEAK,wlt/frontend/app-captain/dsh/WltDshCaptainBridge.tsx | wlt/frontend/app-captain/dsh/WltDshCaptainFinancePreview.tsx | wlt/frontend/app-captain/dsh/index.ts | wlt/frontend/app-captain/dsh/useWltDshCaptainFinancePreview.ts | wlt/frontend/app-captain/dsh/wlt-dsh-captain.adapter.ts | wlt/frontend/app-captain/dsh/wlt-dsh-captain.contract.ts | ...,48 files with placeholder/preview/legacy/TBD tokens; 1 hardcoded color patterns
ui-kit,ui-kit/src,ui-kit/src/components/index.ts | ui-kit/src/components/navigation.tsx | ui-kit/src/index.ts | ui-kit/src/web/control-surface.tsx | ui-kit/src/web/index.ts,,ui-kit/src/components/navigation.tsx | ui-kit/src/web/control-surface.tsx,,@bthwani/ui-kit files=0; direct_tamagui=3; hardcoded_color_hits=190,BROKEN,ui-kit/src/MobileCommandCenter.tsx | ui-kit/src/README.md | ui-kit/src/appearance.ts | ui-kit/src/components/appearance.tsx | ui-kit/src/components/banner.tsx | ui-kit/src/components/button.tsx | ...,19 files with placeholder/preview/legacy/TBD tokens; 3 direct Tamagui imports outside UI-kit
