path,roles_detected,owner_assessment,duplication_risk,recommended_action
control-panel/runtime/app/catalogs/page.tsx,monitoring | catalog/inventory,"TBD-static; control-panel should own policies/escalation/approvals/vars, but code must be manually validated in Phase 0 review.",HIGH,Compare with mobile flows and convert into canonical owner/mapping in Phase 1/2; no backend mutation.
control-panel/runtime/app/finance/page.tsx,finance bridge,"TBD-static; control-panel should own policies/escalation/approvals/vars, but code must be manually validated in Phase 0 review.",MEDIUM,Compare with mobile flows and convert into canonical owner/mapping in Phase 1/2; no backend mutation.
control-panel/runtime/app/operations/page.tsx,operations,"TBD-static; control-panel should own policies/escalation/approvals/vars, but code must be manually validated in Phase 0 review.",MEDIUM,Compare with mobile flows and convert into canonical owner/mapping in Phase 1/2; no backend mutation.
control-panel/runtime/app/support/page.tsx,support/escalation,"TBD-static; control-panel should own policies/escalation/approvals/vars, but code must be manually validated in Phase 0 review.",HIGH,Compare with mobile flows and convert into canonical owner/mapping in Phase 1/2; no backend mutation.
dsh/frontend/control-panel/DshControlPanelSurfaceHost.tsx,operations,"TBD-static; control-panel should own policies/escalation/approvals/vars, but code must be manually validated in Phase 0 review.",MEDIUM,Compare with mobile flows and convert into canonical owner/mapping in Phase 1/2; no backend mutation.
dsh/frontend/control-panel/administration/ControlPanelDshAdministrationScreen.tsx,approvals | platform/vars | policy | finance bridge,"TBD-static; control-panel should own policies/escalation/approvals/vars, but code must be manually validated in Phase 0 review.",MEDIUM,Compare with mobile flows and convert into canonical owner/mapping in Phase 1/2; no backend mutation.
dsh/frontend/control-panel/administration/administration.mock.ts,approvals | platform/vars | monitoring | finance bridge,"TBD-static; control-panel should own policies/escalation/approvals/vars, but code must be manually validated in Phase 0 review.",MEDIUM,Compare with mobile flows and convert into canonical owner/mapping in Phase 1/2; no backend mutation.
dsh/frontend/control-panel/administration/administration.types.ts,platform/vars | monitoring | finance bridge,"TBD-static; control-panel should own policies/escalation/approvals/vars, but code must be manually validated in Phase 0 review.",MEDIUM,Compare with mobile flows and convert into canonical owner/mapping in Phase 1/2; no backend mutation.
dsh/frontend/control-panel/administration/index.ts,platform/vars,"TBD-static; control-panel should own policies/escalation/approvals/vars, but code must be manually validated in Phase 0 review.",MEDIUM,Compare with mobile flows and convert into canonical owner/mapping in Phase 1/2; no backend mutation.
dsh/frontend/control-panel/catalogs/CatalogAdoptionQueue.tsx,approvals | policy | monitoring | catalog/inventory,"TBD-static; control-panel should own policies/escalation/approvals/vars, but code must be manually validated in Phase 0 review.",HIGH,Compare with mobile flows and convert into canonical owner/mapping in Phase 1/2; no backend mutation.
dsh/frontend/control-panel/catalogs/CatalogGovernanceScreens.tsx,operations | support/escalation | approvals | monitoring | catalog/inventory,"TBD-static; control-panel should own policies/escalation/approvals/vars, but code must be manually validated in Phase 0 review.",HIGH,Compare with mobile flows and convert into canonical owner/mapping in Phase 1/2; no backend mutation.
dsh/frontend/control-panel/catalogs/CatalogPublishingGateSection.tsx,approvals | policy | monitoring | catalog/inventory,"TBD-static; control-panel should own policies/escalation/approvals/vars, but code must be manually validated in Phase 0 review.",HIGH,Compare with mobile flows and convert into canonical owner/mapping in Phase 1/2; no backend mutation.
dsh/frontend/control-panel/catalogs/ControlPanelDshCatalogCategoriesScreen.tsx,approvals | monitoring | catalog/inventory,"TBD-static; control-panel should own policies/escalation/approvals/vars, but code must be manually validated in Phase 0 review.",HIGH,Compare with mobile flows and convert into canonical owner/mapping in Phase 1/2; no backend mutation.
dsh/frontend/control-panel/catalogs/ControlPanelDshCatalogScreen.tsx,operations | approvals | policy | monitoring | catalog/inventory,"TBD-static; control-panel should own policies/escalation/approvals/vars, but code must be manually validated in Phase 0 review.",HIGH,Compare with mobile flows and convert into canonical owner/mapping in Phase 1/2; no backend mutation.
dsh/frontend/control-panel/catalogs/ItemApprovalSection.tsx,approvals | policy | monitoring | catalog/inventory,"TBD-static; control-panel should own policies/escalation/approvals/vars, but code must be manually validated in Phase 0 review.",HIGH,Compare with mobile flows and convert into canonical owner/mapping in Phase 1/2; no backend mutation.
dsh/frontend/control-panel/catalogs/catalog.ts,approvals | policy | monitoring | catalog/inventory,"TBD-static; control-panel should own policies/escalation/approvals/vars, but code must be manually validated in Phase 0 review.",HIGH,Compare with mobile flows and convert into canonical owner/mapping in Phase 1/2; no backend mutation.
dsh/frontend/control-panel/catalogs/index.ts,approvals | monitoring | catalog/inventory,"TBD-static; control-panel should own policies/escalation/approvals/vars, but code must be manually validated in Phase 0 review.",HIGH,Compare with mobile flows and convert into canonical owner/mapping in Phase 1/2; no backend mutation.
dsh/frontend/control-panel/control/ControlHubScreens.tsx,operations | approvals | policy | monitoring,"TBD-static; control-panel should own policies/escalation/approvals/vars, but code must be manually validated in Phase 0 review.",MEDIUM,Compare with mobile flows and convert into canonical owner/mapping in Phase 1/2; no backend mutation.
dsh/frontend/control-panel/control/index.ts,,"TBD-static; control-panel should own policies/escalation/approvals/vars, but code must be manually validated in Phase 0 review.",MEDIUM,Compare with mobile flows and convert into canonical owner/mapping in Phase 1/2; no backend mutation.
dsh/frontend/control-panel/dashboard/ControlPanelDshClosureDashboardScreen.tsx,approvals | monitoring,"TBD-static; control-panel should own policies/escalation/approvals/vars, but code must be manually validated in Phase 0 review.",MEDIUM,Compare with mobile flows and convert into canonical owner/mapping in Phase 1/2; no backend mutation.
dsh/frontend/control-panel/dashboard/index.ts,,"TBD-static; control-panel should own policies/escalation/approvals/vars, but code must be manually validated in Phase 0 review.",MEDIUM,Compare with mobile flows and convert into canonical owner/mapping in Phase 1/2; no backend mutation.
dsh/frontend/control-panel/finance/CaptainPayoutWorkspace.tsx,,"TBD-static; control-panel should own policies/escalation/approvals/vars, but code must be manually validated in Phase 0 review.",MEDIUM,Compare with mobile flows and convert into canonical owner/mapping in Phase 1/2; no backend mutation.
dsh/frontend/control-panel/finance/CommissionBreakdownWorkspace.tsx,approvals | platform/vars | finance bridge,"TBD-static; control-panel should own policies/escalation/approvals/vars, but code must be manually validated in Phase 0 review.",MEDIUM,Compare with mobile flows and convert into canonical owner/mapping in Phase 1/2; no backend mutation.
dsh/frontend/control-panel/finance/FieldCommissionWorkspace.tsx,finance bridge,"TBD-static; control-panel should own policies/escalation/approvals/vars, but code must be manually validated in Phase 0 review.",MEDIUM,Compare with mobile flows and convert into canonical owner/mapping in Phase 1/2; no backend mutation.
dsh/frontend/control-panel/finance/FinanceHubScreen.tsx,approvals | platform/vars | monitoring | finance bridge,"TBD-static; control-panel should own policies/escalation/approvals/vars, but code must be manually validated in Phase 0 review.",MEDIUM,Compare with mobile flows and convert into canonical owner/mapping in Phase 1/2; no backend mutation.
dsh/frontend/control-panel/finance/FinanceHubScreens.tsx,operations | approvals | policy | monitoring | finance bridge,"TBD-static; control-panel should own policies/escalation/approvals/vars, but code must be manually validated in Phase 0 review.",MEDIUM,Compare with mobile flows and convert into canonical owner/mapping in Phase 1/2; no backend mutation.
dsh/frontend/control-panel/finance/PartnerSettlementWorkspace.tsx,monitoring | finance bridge,"TBD-static; control-panel should own policies/escalation/approvals/vars, but code must be manually validated in Phase 0 review.",MEDIUM,Compare with mobile flows and convert into canonical owner/mapping in Phase 1/2; no backend mutation.
dsh/frontend/control-panel/finance/PlatformFeeAuditWorkspace.tsx,platform/vars | monitoring,"TBD-static; control-panel should own policies/escalation/approvals/vars, but code must be manually validated in Phase 0 review.",MEDIUM,Compare with mobile flows and convert into canonical owner/mapping in Phase 1/2; no backend mutation.
dsh/frontend/control-panel/finance/RefundQueueWorkspace.tsx,monitoring | finance bridge,"TBD-static; control-panel should own policies/escalation/approvals/vars, but code must be manually validated in Phase 0 review.",MEDIUM,Compare with mobile flows and convert into canonical owner/mapping in Phase 1/2; no backend mutation.
dsh/frontend/control-panel/finance/finance.registry.ts,operations | approvals | monitoring | finance bridge,"TBD-static; control-panel should own policies/escalation/approvals/vars, but code must be manually validated in Phase 0 review.",MEDIUM,Compare with mobile flows and convert into canonical owner/mapping in Phase 1/2; no backend mutation.
dsh/frontend/control-panel/finance/finance.types.ts,monitoring | finance bridge,"TBD-static; control-panel should own policies/escalation/approvals/vars, but code must be manually validated in Phase 0 review.",MEDIUM,Compare with mobile flows and convert into canonical owner/mapping in Phase 1/2; no backend mutation.
dsh/frontend/control-panel/finance/index.ts,platform/vars | monitoring | finance bridge,"TBD-static; control-panel should own policies/escalation/approvals/vars, but code must be manually validated in Phase 0 review.",MEDIUM,Compare with mobile flows and convert into canonical owner/mapping in Phase 1/2; no backend mutation.
dsh/frontend/control-panel/fixture-locations.ts,approvals,"TBD-static; control-panel should own policies/escalation/approvals/vars, but code must be manually validated in Phase 0 review.",MEDIUM,Compare with mobile flows and convert into canonical owner/mapping in Phase 1/2; no backend mutation.
dsh/frontend/control-panel/index.ts,operations | support/escalation | approvals | platform/vars | monitoring | catalog/inventory | finance bridge,"TBD-static; control-panel should own policies/escalation/approvals/vars, but code must be manually validated in Phase 0 review.",HIGH,Compare with mobile flows and convert into canonical owner/mapping in Phase 1/2; no backend mutation.
dsh/frontend/control-panel/marketing/BannersCommandDeckScreen.tsx,operations | approvals | policy | monitoring,"TBD-static; control-panel should own policies/escalation/approvals/vars, but code must be manually validated in Phase 0 review.",MEDIUM,Compare with mobile flows and convert into canonical owner/mapping in Phase 1/2; no backend mutation.
dsh/frontend/control-panel/marketing/CampaignsCommandDeckScreen.tsx,operations | approvals | monitoring,"TBD-static; control-panel should own policies/escalation/approvals/vars, but code must be manually validated in Phase 0 review.",MEDIUM,Compare with mobile flows and convert into canonical owner/mapping in Phase 1/2; no backend mutation.
dsh/frontend/control-panel/marketing/ControlPanelDshMarketingScreen.tsx,operations | approvals | platform/vars | policy | monitoring,"TBD-static; control-panel should own policies/escalation/approvals/vars, but code must be manually validated in Phase 0 review.",MEDIUM,Compare with mobile flows and convert into canonical owner/mapping in Phase 1/2; no backend mutation.
dsh/frontend/control-panel/marketing/GrowthCommandDeckScreen.tsx,operations | approvals | monitoring | catalog/inventory,"TBD-static; control-panel should own policies/escalation/approvals/vars, but code must be manually validated in Phase 0 review.",HIGH,Compare with mobile flows and convert into canonical owner/mapping in Phase 1/2; no backend mutation.
dsh/frontend/control-panel/marketing/LoyaltyCommandDeckScreen.tsx,approvals,"TBD-static; control-panel should own policies/escalation/approvals/vars, but code must be manually validated in Phase 0 review.",MEDIUM,Compare with mobile flows and convert into canonical owner/mapping in Phase 1/2; no backend mutation.
dsh/frontend/control-panel/marketing/MarketingMediaReviewCommandDeckScreen.tsx,approvals | policy | monitoring | catalog/inventory,"TBD-static; control-panel should own policies/escalation/approvals/vars, but code must be manually validated in Phase 0 review.",HIGH,Compare with mobile flows and convert into canonical owner/mapping in Phase 1/2; no backend mutation.
dsh/frontend/control-panel/marketing/MarketingReviewQueue.tsx,approvals | policy | monitoring | catalog/inventory,"TBD-static; control-panel should own policies/escalation/approvals/vars, but code must be manually validated in Phase 0 review.",HIGH,Compare with mobile flows and convert into canonical owner/mapping in Phase 1/2; no backend mutation.
dsh/frontend/control-panel/marketing/MarketingReviewScreens.tsx,operations | approvals,"TBD-static; control-panel should own policies/escalation/approvals/vars, but code must be manually validated in Phase 0 review.",MEDIUM,Compare with mobile flows and convert into canonical owner/mapping in Phase 1/2; no backend mutation.
dsh/frontend/control-panel/marketing/PartnerOffersCommandDeckScreen.tsx,approvals | policy | monitoring | catalog/inventory,"TBD-static; control-panel should own policies/escalation/approvals/vars, but code must be manually validated in Phase 0 review.",HIGH,Compare with mobile flows and convert into canonical owner/mapping in Phase 1/2; no backend mutation.
dsh/frontend/control-panel/marketing/PromosCommandDeckScreen.tsx,approvals | monitoring,"TBD-static; control-panel should own policies/escalation/approvals/vars, but code must be manually validated in Phase 0 review.",MEDIUM,Compare with mobile flows and convert into canonical owner/mapping in Phase 1/2; no backend mutation.
dsh/frontend/control-panel/marketing/SmartSignalLayerScreen.tsx,operations | approvals | policy,"TBD-static; control-panel should own policies/escalation/approvals/vars, but code must be manually validated in Phase 0 review.",MEDIUM,Compare with mobile flows and convert into canonical owner/mapping in Phase 1/2; no backend mutation.
dsh/frontend/control-panel/marketing/VideosCommandDeckScreen.tsx,operations | approvals | policy,"TBD-static; control-panel should own policies/escalation/approvals/vars, but code must be manually validated in Phase 0 review.",MEDIUM,Compare with mobile flows and convert into canonical owner/mapping in Phase 1/2; no backend mutation.
dsh/frontend/control-panel/marketing/commercial-parity-preview.tsx,approvals | monitoring | catalog/inventory,"TBD-static; control-panel should own policies/escalation/approvals/vars, but code must be manually validated in Phase 0 review.",HIGH,Compare with mobile flows and convert into canonical owner/mapping in Phase 1/2; no backend mutation.
dsh/frontend/control-panel/marketing/flow-meta.ts,,"TBD-static; control-panel should own policies/escalation/approvals/vars, but code must be manually validated in Phase 0 review.",MEDIUM,Compare with mobile flows and convert into canonical owner/mapping in Phase 1/2; no backend mutation.
dsh/frontend/control-panel/marketing/index.ts,approvals | policy | monitoring | catalog/inventory,"TBD-static; control-panel should own policies/escalation/approvals/vars, but code must be manually validated in Phase 0 review.",HIGH,Compare with mobile flows and convert into canonical owner/mapping in Phase 1/2; no backend mutation.
dsh/frontend/control-panel/marketing/loyaltyCommerceData.ts,approvals,"TBD-static; control-panel should own policies/escalation/approvals/vars, but code must be manually validated in Phase 0 review.",MEDIUM,Compare with mobile flows and convert into canonical owner/mapping in Phase 1/2; no backend mutation.
dsh/frontend/control-panel/marketing/section-catalog.ts,monitoring | catalog/inventory,"TBD-static; control-panel should own policies/escalation/approvals/vars, but code must be manually validated in Phase 0 review.",HIGH,Compare with mobile flows and convert into canonical owner/mapping in Phase 1/2; no backend mutation.
dsh/frontend/control-panel/marketing/section-meta.ts,,"TBD-static; control-panel should own policies/escalation/approvals/vars, but code must be manually validated in Phase 0 review.",MEDIUM,Compare with mobile flows and convert into canonical owner/mapping in Phase 1/2; no backend mutation.
dsh/frontend/control-panel/operations/AreaCapacityScreen.tsx,operations | approvals | policy | monitoring,"TBD-static; control-panel should own policies/escalation/approvals/vars, but code must be manually validated in Phase 0 review.",MEDIUM,Compare with mobile flows and convert into canonical owner/mapping in Phase 1/2; no backend mutation.
dsh/frontend/control-panel/operations/AuditSupportSlaScreen.tsx,operations | support/escalation | approvals | policy | monitoring,"TBD-static; control-panel should own policies/escalation/approvals/vars, but code must be manually validated in Phase 0 review.",HIGH,Compare with mobile flows and convert into canonical owner/mapping in Phase 1/2; no backend mutation.
dsh/frontend/control-panel/operations/AuditTrailDetailWorkspace.tsx,support/escalation | policy | monitoring,"TBD-static; control-panel should own policies/escalation/approvals/vars, but code must be manually validated in Phase 0 review.",HIGH,Compare with mobile flows and convert into canonical owner/mapping in Phase 1/2; no backend mutation.
dsh/frontend/control-panel/operations/AwnakScreen.tsx,operations | approvals | policy,"TBD-static; control-panel should own policies/escalation/approvals/vars, but code must be manually validated in Phase 0 review.",MEDIUM,Compare with mobile flows and convert into canonical owner/mapping in Phase 1/2; no backend mutation.
dsh/frontend/control-panel/operations/CaptainOperationsScreen.tsx,operations | support/escalation | policy | monitoring,"TBD-static; control-panel should own policies/escalation/approvals/vars, but code must be manually validated in Phase 0 review.",HIGH,Compare with mobile flows and convert into canonical owner/mapping in Phase 1/2; no backend mutation.
dsh/frontend/control-panel/operations/CommandCenterScreen.tsx,operations | support/escalation | approvals | policy | monitoring,"TBD-static; control-panel should own policies/escalation/approvals/vars, but code must be manually validated in Phase 0 review.",HIGH,Compare with mobile flows and convert into canonical owner/mapping in Phase 1/2; no backend mutation.
dsh/frontend/control-panel/operations/ControlPanelDshSheinProxyScreen.tsx,operations | approvals | policy,"TBD-static; control-panel should own policies/escalation/approvals/vars, but code must be manually validated in Phase 0 review.",MEDIUM,Compare with mobile flows and convert into canonical owner/mapping in Phase 1/2; no backend mutation.
dsh/frontend/control-panel/operations/DispatchAssignmentScreen.tsx,operations | approvals | policy,"TBD-static; control-panel should own policies/escalation/approvals/vars, but code must be manually validated in Phase 0 review.",MEDIUM,Compare with mobile flows and convert into canonical owner/mapping in Phase 1/2; no backend mutation.
dsh/frontend/control-panel/operations/ExceptionsEscalationsScreen.tsx,operations | support/escalation | approvals | policy | monitoring,"TBD-static; control-panel should own policies/escalation/approvals/vars, but code must be manually validated in Phase 0 review.",HIGH,Compare with mobile flows and convert into canonical owner/mapping in Phase 1/2; no backend mutation.
dsh/frontend/control-panel/operations/GeoHeatmapScreen.tsx,operations | approvals | policy | monitoring,"TBD-static; control-panel should own policies/escalation/approvals/vars, but code must be manually validated in Phase 0 review.",MEDIUM,Compare with mobile flows and convert into canonical owner/mapping in Phase 1/2; no backend mutation.
dsh/frontend/control-panel/operations/LiveOrdersScreen.tsx,operations | support/escalation | approvals | policy | monitoring,"TBD-static; control-panel should own policies/escalation/approvals/vars, but code must be manually validated in Phase 0 review.",HIGH,Compare with mobile flows and convert into canonical owner/mapping in Phase 1/2; no backend mutation.
dsh/frontend/control-panel/operations/OperationsHubScreen.tsx,operations | support/escalation | approvals | policy | monitoring,"TBD-static; control-panel should own policies/escalation/approvals/vars, but code must be manually validated in Phase 0 review.",HIGH,Compare with mobile flows and convert into canonical owner/mapping in Phase 1/2; no backend mutation.
dsh/frontend/control-panel/operations/PartnerStoresScreen.tsx,support/escalation | policy | monitoring,"TBD-static; control-panel should own policies/escalation/approvals/vars, but code must be manually validated in Phase 0 review.",HIGH,Compare with mobile flows and convert into canonical owner/mapping in Phase 1/2; no backend mutation.
dsh/frontend/control-panel/operations/flow-meta.ts,operations,"TBD-static; control-panel should own policies/escalation/approvals/vars, but code must be manually validated in Phase 0 review.",MEDIUM,Compare with mobile flows and convert into canonical owner/mapping in Phase 1/2; no backend mutation.
dsh/frontend/control-panel/operations/geo-heatmap.preview-data.ts,approvals | policy,"TBD-static; control-panel should own policies/escalation/approvals/vars, but code must be manually validated in Phase 0 review.",MEDIUM,Compare with mobile flows and convert into canonical owner/mapping in Phase 1/2; no backend mutation.
dsh/frontend/control-panel/operations/index.ts,operations | support/escalation | approvals | policy | monitoring,"TBD-static; control-panel should own policies/escalation/approvals/vars, but code must be manually validated in Phase 0 review.",HIGH,Compare with mobile flows and convert into canonical owner/mapping in Phase 1/2; no backend mutation.
dsh/frontend/control-panel/operations/operations.preview-data.ts,operations | support/escalation | approvals | policy | monitoring,"TBD-static; control-panel should own policies/escalation/approvals/vars, but code must be manually validated in Phase 0 review.",HIGH,Compare with mobile flows and convert into canonical owner/mapping in Phase 1/2; no backend mutation.
dsh/frontend/control-panel/operations/operations.registry.ts,operations | support/escalation | approvals | policy | monitoring | catalog/inventory | finance bridge,"TBD-static; control-panel should own policies/escalation/approvals/vars, but code must be manually validated in Phase 0 review.",HIGH,Compare with mobile flows and convert into canonical owner/mapping in Phase 1/2; no backend mutation.
dsh/frontend/control-panel/operations/operations.types.ts,operations | support/escalation | approvals | policy | monitoring | catalog/inventory | finance bridge,"TBD-static; control-panel should own policies/escalation/approvals/vars, but code must be manually validated in Phase 0 review.",HIGH,Compare with mobile flows and convert into canonical owner/mapping in Phase 1/2; no backend mutation.
dsh/frontend/control-panel/operations/operations.ui.tsx,operations | policy,"TBD-static; control-panel should own policies/escalation/approvals/vars, but code must be manually validated in Phase 0 review.",MEDIUM,Compare with mobile flows and convert into canonical owner/mapping in Phase 1/2; no backend mutation.
dsh/frontend/control-panel/partners/ControlPanelDshPartnerApprovalsScreen.tsx,approvals | policy | monitoring | catalog/inventory,"TBD-static; control-panel should own policies/escalation/approvals/vars, but code must be manually validated in Phase 0 review.",HIGH,Compare with mobile flows and convert into canonical owner/mapping in Phase 1/2; no backend mutation.
dsh/frontend/control-panel/partners/DshPartnerPromotionEligibilityScreen.tsx,approvals | policy | monitoring | catalog/inventory,"TBD-static; control-panel should own policies/escalation/approvals/vars, but code must be manually validated in Phase 0 review.",HIGH,Compare with mobile flows and convert into canonical owner/mapping in Phase 1/2; no backend mutation.
dsh/frontend/control-panel/partners/PartnerDeactivationWorkspace.tsx,operations | policy,"TBD-static; control-panel should own policies/escalation/approvals/vars, but code must be manually validated in Phase 0 review.",MEDIUM,Compare with mobile flows and convert into canonical owner/mapping in Phase 1/2; no backend mutation.
dsh/frontend/control-panel/partners/PartnerFulfillmentLane.tsx,operations | approvals | policy | finance bridge,"TBD-static; control-panel should own policies/escalation/approvals/vars, but code must be manually validated in Phase 0 review.",MEDIUM,Compare with mobile flows and convert into canonical owner/mapping in Phase 1/2; no backend mutation.
dsh/frontend/control-panel/partners/PartnerIntakeLane.tsx,approvals | policy,"TBD-static; control-panel should own policies/escalation/approvals/vars, but code must be manually validated in Phase 0 review.",MEDIUM,Compare with mobile flows and convert into canonical owner/mapping in Phase 1/2; no backend mutation.
dsh/frontend/control-panel/partners/PartnerManagementScreens.tsx,approvals | monitoring | catalog/inventory,"TBD-static; control-panel should own policies/escalation/approvals/vars, but code must be manually validated in Phase 0 review.",HIGH,Compare with mobile flows and convert into canonical owner/mapping in Phase 1/2; no backend mutation.
dsh/frontend/control-panel/partners/PartnerTopologyLane.tsx,operations | support/escalation | monitoring | catalog/inventory | finance bridge,"TBD-static; control-panel should own policies/escalation/approvals/vars, but code must be manually validated in Phase 0 review.",HIGH,Compare with mobile flows and convert into canonical owner/mapping in Phase 1/2; no backend mutation.
dsh/frontend/control-panel/partners/index.ts,approvals | policy,"TBD-static; control-panel should own policies/escalation/approvals/vars, but code must be manually validated in Phase 0 review.",MEDIUM,Compare with mobile flows and convert into canonical owner/mapping in Phase 1/2; no backend mutation.
dsh/frontend/control-panel/partners/workflow.ts,operations | approvals | policy | finance bridge,"TBD-static; control-panel should own policies/escalation/approvals/vars, but code must be manually validated in Phase 0 review.",MEDIUM,Compare with mobile flows and convert into canonical owner/mapping in Phase 1/2; no backend mutation.
dsh/frontend/control-panel/platform/Appearance/DshPlatformAppearanceWorkspace.tsx,approvals | platform/vars | monitoring,"TBD-static; control-panel should own policies/escalation/approvals/vars, but code must be manually validated in Phase 0 review.",MEDIUM,Compare with mobile flows and convert into canonical owner/mapping in Phase 1/2; no backend mutation.
dsh/frontend/control-panel/platform/Appearance/appearance.preview.ts,operations | approvals | platform/vars | monitoring,"TBD-static; control-panel should own policies/escalation/approvals/vars, but code must be manually validated in Phase 0 review.",MEDIUM,Compare with mobile flows and convert into canonical owner/mapping in Phase 1/2; no backend mutation.
dsh/frontend/control-panel/platform/Appearance/appearance.types.ts,approvals | platform/vars | monitoring,"TBD-static; control-panel should own policies/escalation/approvals/vars, but code must be manually validated in Phase 0 review.",MEDIUM,Compare with mobile flows and convert into canonical owner/mapping in Phase 1/2; no backend mutation.
dsh/frontend/control-panel/platform/Appearance/index.ts,approvals | platform/vars,"TBD-static; control-panel should own policies/escalation/approvals/vars, but code must be manually validated in Phase 0 review.",MEDIUM,Compare with mobile flows and convert into canonical owner/mapping in Phase 1/2; no backend mutation.
dsh/frontend/control-panel/platform/Audit/DshPlatformAuditWorkspace.tsx,platform/vars | policy | monitoring,"TBD-static; control-panel should own policies/escalation/approvals/vars, but code must be manually validated in Phase 0 review.",MEDIUM,Compare with mobile flows and convert into canonical owner/mapping in Phase 1/2; no backend mutation.
dsh/frontend/control-panel/platform/Audit/index.ts,platform/vars | monitoring,"TBD-static; control-panel should own policies/escalation/approvals/vars, but code must be manually validated in Phase 0 review.",MEDIUM,Compare with mobile flows and convert into canonical owner/mapping in Phase 1/2; no backend mutation.
dsh/frontend/control-panel/platform/ControlPanelDshPlatformScreen.tsx,approvals | platform/vars | monitoring | catalog/inventory,"TBD-static; control-panel should own policies/escalation/approvals/vars, but code must be manually validated in Phase 0 review.",HIGH,Compare with mobile flows and convert into canonical owner/mapping in Phase 1/2; no backend mutation.
dsh/frontend/control-panel/platform/Health/DshPlatformHealthWorkspace.tsx,approvals | platform/vars | monitoring,"TBD-static; control-panel should own policies/escalation/approvals/vars, but code must be manually validated in Phase 0 review.",MEDIUM,Compare with mobile flows and convert into canonical owner/mapping in Phase 1/2; no backend mutation.
dsh/frontend/control-panel/platform/Health/index.ts,platform/vars | monitoring,"TBD-static; control-panel should own policies/escalation/approvals/vars, but code must be manually validated in Phase 0 review.",MEDIUM,Compare with mobile flows and convert into canonical owner/mapping in Phase 1/2; no backend mutation.
dsh/frontend/control-panel/platform/Providers/DshPlatformProvidersWorkspace.tsx,approvals | platform/vars | monitoring,"TBD-static; control-panel should own policies/escalation/approvals/vars, but code must be manually validated in Phase 0 review.",MEDIUM,Compare with mobile flows and convert into canonical owner/mapping in Phase 1/2; no backend mutation.
dsh/frontend/control-panel/platform/Providers/index.ts,platform/vars,"TBD-static; control-panel should own policies/escalation/approvals/vars, but code must be manually validated in Phase 0 review.",MEDIUM,Compare with mobile flows and convert into canonical owner/mapping in Phase 1/2; no backend mutation.
dsh/frontend/control-panel/platform/Providers/providers.preview.ts,approvals | platform/vars,"TBD-static; control-panel should own policies/escalation/approvals/vars, but code must be manually validated in Phase 0 review.",MEDIUM,Compare with mobile flows and convert into canonical owner/mapping in Phase 1/2; no backend mutation.
dsh/frontend/control-panel/platform/Providers/providers.types.ts,approvals | platform/vars,"TBD-static; control-panel should own policies/escalation/approvals/vars, but code must be manually validated in Phase 0 review.",MEDIUM,Compare with mobile flows and convert into canonical owner/mapping in Phase 1/2; no backend mutation.
dsh/frontend/control-panel/platform/Rollouts/DshPlatformRolloutsWorkspace.tsx,platform/vars | monitoring,"TBD-static; control-panel should own policies/escalation/approvals/vars, but code must be manually validated in Phase 0 review.",MEDIUM,Compare with mobile flows and convert into canonical owner/mapping in Phase 1/2; no backend mutation.
dsh/frontend/control-panel/platform/Rollouts/index.ts,platform/vars,"TBD-static; control-panel should own policies/escalation/approvals/vars, but code must be manually validated in Phase 0 review.",MEDIUM,Compare with mobile flows and convert into canonical owner/mapping in Phase 1/2; no backend mutation.
dsh/frontend/control-panel/platform/Services/DshPlatformServicesWorkspace.tsx,operations | approvals | platform/vars | monitoring | finance bridge,"TBD-static; control-panel should own policies/escalation/approvals/vars, but code must be manually validated in Phase 0 review.",MEDIUM,Compare with mobile flows and convert into canonical owner/mapping in Phase 1/2; no backend mutation.
dsh/frontend/control-panel/platform/Services/index.ts,platform/vars,"TBD-static; control-panel should own policies/escalation/approvals/vars, but code must be manually validated in Phase 0 review.",MEDIUM,Compare with mobile flows and convert into canonical owner/mapping in Phase 1/2; no backend mutation.
dsh/frontend/control-panel/platform/Services/services.preview.ts,operations | approvals | platform/vars | monitoring,"TBD-static; control-panel should own policies/escalation/approvals/vars, but code must be manually validated in Phase 0 review.",MEDIUM,Compare with mobile flows and convert into canonical owner/mapping in Phase 1/2; no backend mutation.
dsh/frontend/control-panel/platform/Services/services.types.ts,operations | platform/vars | monitoring,"TBD-static; control-panel should own policies/escalation/approvals/vars, but code must be manually validated in Phase 0 review.",MEDIUM,Compare with mobile flows and convert into canonical owner/mapping in Phase 1/2; no backend mutation.
dsh/frontend/control-panel/platform/Vars/DshPlatformVarsWorkspace.tsx,operations | support/escalation | approvals | platform/vars | policy | monitoring | finance bridge,"TBD-static; control-panel should own policies/escalation/approvals/vars, but code must be manually validated in Phase 0 review.",HIGH,Compare with mobile flows and convert into canonical owner/mapping in Phase 1/2; no backend mutation.
dsh/frontend/control-panel/platform/Vars/index.ts,operations | approvals | platform/vars | monitoring,"TBD-static; control-panel should own policies/escalation/approvals/vars, but code must be manually validated in Phase 0 review.",MEDIUM,Compare with mobile flows and convert into canonical owner/mapping in Phase 1/2; no backend mutation.
dsh/frontend/control-panel/platform/Vars/vars.preview.ts,operations | support/escalation | approvals | platform/vars | policy | monitoring | finance bridge,"TBD-static; control-panel should own policies/escalation/approvals/vars, but code must be manually validated in Phase 0 review.",HIGH,Compare with mobile flows and convert into canonical owner/mapping in Phase 1/2; no backend mutation.
dsh/frontend/control-panel/platform/Vars/vars.types.ts,approvals | platform/vars | monitoring,"TBD-static; control-panel should own policies/escalation/approvals/vars, but code must be manually validated in Phase 0 review.",MEDIUM,Compare with mobile flows and convert into canonical owner/mapping in Phase 1/2; no backend mutation.
dsh/frontend/control-panel/platform/index.ts,platform/vars,"TBD-static; control-panel should own policies/escalation/approvals/vars, but code must be manually validated in Phase 0 review.",MEDIUM,Compare with mobile flows and convert into canonical owner/mapping in Phase 1/2; no backend mutation.
dsh/frontend/control-panel/platform/useDemoPlatformState.tsx,operations | platform/vars | monitoring,"TBD-static; control-panel should own policies/escalation/approvals/vars, but code must be manually validated in Phase 0 review.",MEDIUM,Compare with mobile flows and convert into canonical owner/mapping in Phase 1/2; no backend mutation.
dsh/frontend/control-panel/shared/ControlPanelDshActionQueue.tsx,approvals | monitoring,"TBD-static; control-panel should own policies/escalation/approvals/vars, but code must be manually validated in Phase 0 review.",MEDIUM,Compare with mobile flows and convert into canonical owner/mapping in Phase 1/2; no backend mutation.
dsh/frontend/control-panel/shared/ControlPanelDshDecisionBoard.tsx,approvals | monitoring,"TBD-static; control-panel should own policies/escalation/approvals/vars, but code must be manually validated in Phase 0 review.",MEDIUM,Compare with mobile flows and convert into canonical owner/mapping in Phase 1/2; no backend mutation.
dsh/frontend/control-panel/shared/ControlPanelDshWorkspaceFrame.tsx,approvals,"TBD-static; control-panel should own policies/escalation/approvals/vars, but code must be manually validated in Phase 0 review.",MEDIUM,Compare with mobile flows and convert into canonical owner/mapping in Phase 1/2; no backend mutation.
dsh/frontend/control-panel/shared/index.ts,approvals | policy,"TBD-static; control-panel should own policies/escalation/approvals/vars, but code must be manually validated in Phase 0 review.",MEDIUM,Compare with mobile flows and convert into canonical owner/mapping in Phase 1/2; no backend mutation.
dsh/frontend/control-panel/shared/journeyFixtures.ts,operations | support/escalation | approvals | policy | monitoring | catalog/inventory,"TBD-static; control-panel should own policies/escalation/approvals/vars, but code must be manually validated in Phase 0 review.",HIGH,Compare with mobile flows and convert into canonical owner/mapping in Phase 1/2; no backend mutation.
dsh/frontend/control-panel/shared/recommendation.preview-data.ts,,"TBD-static; control-panel should own policies/escalation/approvals/vars, but code must be manually validated in Phase 0 review.",MEDIUM,Compare with mobile flows and convert into canonical owner/mapping in Phase 1/2; no backend mutation.
dsh/frontend/control-panel/support/AuditTrailDetailPanel.tsx,policy | monitoring,"TBD-static; control-panel should own policies/escalation/approvals/vars, but code must be manually validated in Phase 0 review.",MEDIUM,Compare with mobile flows and convert into canonical owner/mapping in Phase 1/2; no backend mutation.
dsh/frontend/control-panel/support/OpsCaptainMessagingWorkspace.tsx,,"TBD-static; control-panel should own policies/escalation/approvals/vars, but code must be manually validated in Phase 0 review.",MEDIUM,Compare with mobile flows and convert into canonical owner/mapping in Phase 1/2; no backend mutation.
dsh/frontend/control-panel/support/OpsClientMessagingWorkspace.tsx,,"TBD-static; control-panel should own policies/escalation/approvals/vars, but code must be manually validated in Phase 0 review.",MEDIUM,Compare with mobile flows and convert into canonical owner/mapping in Phase 1/2; no backend mutation.
dsh/frontend/control-panel/support/OpsPartnerMessagingWorkspace.tsx,,"TBD-static; control-panel should own policies/escalation/approvals/vars, but code must be manually validated in Phase 0 review.",MEDIUM,Compare with mobile flows and convert into canonical owner/mapping in Phase 1/2; no backend mutation.
dsh/frontend/control-panel/support/SupportEscalationQueueScreen.tsx,operations | support/escalation | approvals | policy,"TBD-static; control-panel should own policies/escalation/approvals/vars, but code must be manually validated in Phase 0 review.",HIGH,Compare with mobile flows and convert into canonical owner/mapping in Phase 1/2; no backend mutation.
dsh/frontend/control-panel/support/SupportHubScreens.tsx,operations | support/escalation | approvals | policy | monitoring | finance bridge,"TBD-static; control-panel should own policies/escalation/approvals/vars, but code must be manually validated in Phase 0 review.",HIGH,Compare with mobile flows and convert into canonical owner/mapping in Phase 1/2; no backend mutation.
dsh/frontend/control-panel/support/SupportSlaDashboardScreen.tsx,support/escalation | policy | monitoring,"TBD-static; control-panel should own policies/escalation/approvals/vars, but code must be manually validated in Phase 0 review.",HIGH,Compare with mobile flows and convert into canonical owner/mapping in Phase 1/2; no backend mutation.
dsh/frontend/control-panel/support/SupportTicketDetailWorkspace.tsx,support/escalation | policy,"TBD-static; control-panel should own policies/escalation/approvals/vars, but code must be manually validated in Phase 0 review.",HIGH,Compare with mobile flows and convert into canonical owner/mapping in Phase 1/2; no backend mutation.
dsh/frontend/control-panel/support/SupportTicketListScreen.tsx,support/escalation,"TBD-static; control-panel should own policies/escalation/approvals/vars, but code must be manually validated in Phase 0 review.",HIGH,Compare with mobile flows and convert into canonical owner/mapping in Phase 1/2; no backend mutation.
dsh/frontend/control-panel/support/index.ts,support/escalation | policy,"TBD-static; control-panel should own policies/escalation/approvals/vars, but code must be manually validated in Phase 0 review.",HIGH,Compare with mobile flows and convert into canonical owner/mapping in Phase 1/2; no backend mutation.
dsh/frontend/control-panel/surface-catalog.ts,operations | monitoring | catalog/inventory,"TBD-static; control-panel should own policies/escalation/approvals/vars, but code must be manually validated in Phase 0 review.",HIGH,Compare with mobile flows and convert into canonical owner/mapping in Phase 1/2; no backend mutation.
dsh/frontend/control-panel/surface-meta.ts,,"TBD-static; control-panel should own policies/escalation/approvals/vars, but code must be manually validated in Phase 0 review.",MEDIUM,Compare with mobile flows and convert into canonical owner/mapping in Phase 1/2; no backend mutation.
